Country;BCG_vacc_rates;Mean_Schooling_2018;HDI_2018;Countnum;SCI_KNOWLEDGE;TRUST_GOV;TRUS_SCIENTISTS; TRUST_SCI_ACCURACY;TRUST_SCI;VACCINE_KNOWLEDGE; ATTITUDE_VACC_IMP;ATTITUDE_VACC_EFF;ATTITUDE_VACC_SAFE;CHILDREN_VACC;RELIGION;SCIENCE_CONF_REL;BELIEVE_SCIENCE;WGM_Index;WGM_Indexr;ViewOfScience;Age;Gender;EDUC_LVL;INCOME_HOUSE;CHILD_ALIVE
Afghanistan;98;3,8;0,498;70;1,08125;1,337367625;1,747292419;1,825311943;1,89100346;0,990922844;3,803053435;3,743865031;3,643185299;0,973805855;1;0,080152672;0;2,793333333;1,924686192;2,490740741;36,40242057;0,518910741;0,290468986;3,232980333;1
Albania;99;10,0;0,785;83;1,057291667;1,403921569;1,417021277;2,034852547;1,925575101;0,835064935;3,8921875;3,241100324;2,96969697;0,9609375;0,986719788;0,365942029;7,827411168;2,707692308;1,709366391;2,746054519;54,91741935;0,392258065;0,655483871;3,197419355;1
Algeria;99;8,0;0,754;84;1,411885246;1,323851204;1,878859857;1,800480769;1,914549654;0,955010225;3,434497817;3,077625571;3,009029345;0,974082073;1;0,488262911;9,178217822;2,742424242;1,75;2,365333333;45,46693387;0,400801603;0,645621181;3,090180361;0,991983968
Argentina;93;9,9;0,825;87;1,113207547;0,923601637;2,128755365;2,172995781;2,166433566;0,965053763;3,903496503;3,614627286;3,629420085;0,983216783;0,938016529;0,456228956;11,04961832;3,059171598;1,997191011;2,350746269;49,44832215;0,31409396;0,696644295;3,111409396;0,998657718
Armenia;99;11,7;0,755;88;1,704244032;2,05890411;2,014858841;1,884671533;2,008608321;0,909454061;3,033742331;2,781758958;2,450406504;0,956454121;0,988126649;0,125;8,716049383;2,818627451;1,788643533;2,562171629;52,34868421;0,247368421;1,155263158;2,947368421;1
Australia;;12,9;0,939;47;1,703703704;1,46;2,436717663;2,484768212;2,502659574;0,980263158;3,784946237;3,63451087;3,441416894;0,96743555;0,668005355;0,509635974;10,55156951;3,254901961;2,285145889;1,676549865;65,20921053;0,410526316;1,291223404;2,938157895;0,998684211
Austria;97;12,1;0,908;89;1,682662539;1,597200622;2,329011345;2,263242376;2,395604396;0,894573643;3,131810193;2,99826087;2,618629174;0,905357143;0,791869919;0,688073394;18,44067797;3,08974359;2,159305994;1,752921536;53,13755796;0,483771252;1,251162791;3,145285935;0,99690881
Azerbaijan;97;10,7;0,757;90;1,675287356;2,415565345;2,117739403;2,194444444;2,272036474;0,971139971;3,321044547;3,128482972;3,0128;0,964968153;0,998569385;0,051671733;61,63333333;3,099173554;2,107644306;2,076648841;44,65428571;0,471428571;1,021428571;3,115714286;1
Bangladesh;99;5,8;0,608;11;1,10719755;2,287572254;2,13036566;2,206299213;2,174603175;0,980225989;3,957910015;3,933042213;3,918722787;0,952034884;1;0,095076401;0,017857143;3,110091743;2,109004739;1,811638591;39,66149506;0,469675599;0,491525424;2,942172073;0,997179126
Belarus;;12,3;0,808;71;1,823741007;1,591339648;2,01285347;2,011406844;2,083228247;0,957472661;3,066666667;2,717948718;2,471232877;0,970711297;0,93622142;0,57518797;34,48913043;3,014150943;1,947164948;1,625;52,38470729;0,407407407;1,293062201;3,045400239;0,982078853
Belgium;;11,8;0,916;16;1,774733638;1,552833078;2,577399381;2,523219814;2,60620155;0,981102362;3,637096774;3,384491115;2,73495935;0,98389694;0,6671875;0,364556962;15,28057554;3,529411765;2,374807988;1,767479675;52,82218845;0,44224924;1,342465753;2,936170213;0,998480243
Benin;96;3,6;0,515;42;1,46567718;1,468858131;1,497217069;1,673992674;1,656637168;0,828346457;3,75095057;3,562015504;3,331406551;0,802325581;0,991896272;0,347663551;3,657303371;2,629441624;1,701492537;2,186878728;38,60493827;0,597222222;0,434375;3,222222222;0,99845679
Bolivia;90;8,9;0,693;96;1,247360483;1,37987988;1,410981697;1,804523425;1,754358162;0,93620178;3,7376;3,310344828;3,247508306;0,9392;0,97723824;0,554806071;4,451410658;2,575268817;1,661812298;2,615646259;44,31905465;0,367799114;0,805925926;3,064992614;0,994091581
Bosnia;95;9,7;0,768;97;1,439324117;0,873040752;1,661157025;1,601010101;1,714285714;0,951788491;3,591133005;3,378737542;3,243333333;0,92371476;0,99691358;0,303822938;22,46527778;2,643979058;1,638795987;2,362403101;53,75840979;0,350152905;0,868300153;3,152905199;0,990825688
Botswana;97;9,3;0,717;57;0,90224359;1,87704918;1,611005693;1,752941176;1,749510763;0,436335404;3,9;3,742537313;3,605166052;0,960573477;0,96389325;0,196660482;6,784313725;2,91;1,891221374;1,889943074;43,17496229;0,250377074;0,702579666;3,042232278;1
Brazil;97;7,8;0,759;33;0,868456376;0,546070461;1,625525947;1,785100287;1,780663781;0,951807229;3,846045198;3,413589365;3,443328551;0,967329545;0,969738652;0,442040185;11,13523132;2,733333333;1,790140845;2,52897474;48,67156208;0,41388518;0,569127517;2,965287049;0,99599466
Bulgaria;96;11,8;0,813;99;1,31778058;0,989860583;2,004225352;1,964936886;2,062234795;0,968434343;3,238159675;2,872905028;2,539772727;0,978552279;0,993757803;0,334500876;35,46994536;3,024509804;1,913229018;1,924242424;57,99140049;0,362407862;1,058168317;3,044226044;0,995085995
Burkina Faso;98;1,5;0,423;78;1,151051625;1,711069418;1,847533632;1,893905192;1,957915832;0,854202401;3,78989899;3,480331263;3,1205074;0,969758065;1;0,291750503;8,8;2,846666667;1,826666667;2,012578616;39,19524618;0,590831919;0,368600683;3,283531409;0,991511036
Burundi;91;3,0;0,417;100;0,937919463;2,155993432;1,710431655;1,67248062;1,788851351;0,940345369;3,948247078;3,840277778;3,771230503;0,981355932;0,998435055;0,197635135;3;2,866028708;1,742802303;2,354898336;39,53894081;0,397196262;0,136291601;2,900311526;0,995327103
Cambodia;90;4,8;0,582;52;0,729655172;;1,909433962;2,118993135;2,107305936;0,898876404;3,758379888;3,566761364;3,507163324;0,887955182;1;0,259484067;6,350877193;3,066225166;2,024193548;2,050096339;44,34491315;0,307692308;0,068493151;2,962779156;0,996277916
Cameroon;88;6,3;0,556;79;1,442340792;1,523364486;1,602409639;1,875739645;1,894454383;0,959731544;3,776801406;3,381555154;3,194495413;0,968253968;0,989528796;0,371794872;2,976608187;2,753333333;1,743486974;2,096837945;38,145;0,416666667;0,612141653;3,186666667;1
Canada;;13,3;0,926;46;1,863157895;1,754545455;2,368338558;2,394611727;2,48538961;0,986466165;3,574045802;3,321538462;3,191424196;0,96744186;0,766718507;0,469827586;9,475961538;3,209302326;2,187301587;1,702954899;57,4556391;0,479699248;1,402714932;3,189473684;0,998496241
Chad;51;2,3;0,404;103;1,4624;1,487012987;1,612021858;1,710526316;1,740802676;0,779479326;3,65936255;3,419222904;3,289256198;0,94047619;0,992283951;0,460144928;3,817073171;2,698630137;1,729477612;2,126159555;36,7020649;0,68879056;0,422848665;3,122418879;0,994100295
Chile;96;10,3;0,843;104;1,124020888;1,331571995;1,770422535;1,991643454;1,970629371;0,922976501;3,7;3,37302726;3,271284271;0,971550498;0,965811966;0,508591065;7,024221453;2,767676768;1,847645429;2,635581062;53,60104302;0,306388527;0,776470588;3,005215124;0,998696219
China;99;7,8;0,752;30;1,042883549;;2,38529043;2,216014078;2,321497491;0,896491837;3,604623824;3,362788812;3,194925493;0,89668927;;;;3,283811475;2,190175755;1,485027415;50,68666667;0,448666667;0,277684844;2,738333333;0,998666667
Colombia;89;8,3;0,747;105;1,066197183;0,974322397;1,710879285;1,870426829;1,890965732;0,930362117;3,868065967;3,476479514;3,482496195;0,945537065;0,986956522;0,482866044;2,741721854;2,549222798;1,730253353;2,48976378;46,14979196;0,3259362;0,659248957;2,901525659;1
Comoros;94;4,8;0,503;106;0,715421304;0,869712352;1,256120527;1,845437616;1,962134251;0,929230769;3,885572139;3,816013629;3,635135135;0,941471572;1;0,173674589;1,130434783;2,551020408;1,648798521;2,581081081;41,09160305;0,355725191;0,436728395;3,141984733;0,998473282
Congo;88;6,3;0,457;108;1,277870216;1,31047619;1,198818898;1,777335984;1,740805604;0,819466248;3,841698842;3,729941292;3,205128205;0,874274662;0,969645868;0,391650099;4,201030928;2,482142857;1,661322645;2,507186858;42,29548989;0,592534992;0,781299525;3,169517885;0,99533437
Costa Rica;92;8,8;0,794;82;1,09731114;1,640789474;2,084931507;2,145333333;2,148;0,962962963;3,913678619;3,645721925;3,627187079;0,970350404;0,970860927;0,523460411;7,468208092;3,072649573;2,013157895;2,263888889;50,88010204;0,341836735;0,603580563;3,057397959;0,996173469
Croatia;98;11,3;0,831;109;1,566964286;1,252615845;2,081377152;2,034755134;2,036220472;0,957037037;3,437898089;3,175206612;2,975247525;0,9872;0,958966565;0,476635514;44,45934959;3;1,955484897;2,061452514;52,69026549;0,423303835;1,183976261;3,126843658;0,989675516
Cyprus;;12,1;0,869;111;1,606927711;1,573415765;2,264802632;2,307086614;2,413675214;0,725782414;3,585921325;3,222222222;3,036016949;0,977035491;0,976261128;0,708191126;20,58476658;3,224242424;2,11443662;1,976391231;54,86873156;0,482300885;1,24408284;3,193215339;1
Czech;;12,7;0,888;21;1,394957983;1,509298999;2,264919942;2,226138032;2,192082111;0,993093923;3,56017192;3,434472934;3,148040639;0,992816092;0,481765835;0,182320442;45,625;3,368715084;2,219796215;1,739849624;53,6744186;0,437756498;1,045143639;3,047879617;0,989056088
Denmark;;12,6;0,929;25;1,936260623;1,794034091;2,496433666;2,24822695;2,550991501;0,957507082;3,76035503;3,383136095;3,073025335;0,971428571;0,800578035;0,276315789;3,416666667;3,156028369;2,209631728;1,342368046;57,0325779;0,471671388;1,168330956;3,123229462;1
Dominican Republic;99;7,8;0,736;114;1,2436751;1,439189189;1,560057887;2,060734463;2,065006916;0,824377457;3,897926635;3,673667205;3,671009772;0,9273021;0,943899018;0,418096724;3,471698113;2,795238095;1,847645429;2,34948605;46,72608126;0,359108781;0,436750999;2,937090433;0,997378768
Ecuador;90;8,7;0,752;115;1,093795094;1,330409357;1,386185243;1,722054381;1,765321375;0,94092827;3,846846847;3,56394453;3,544753086;0,974281392;1;0,491311216;4,687707641;2,396226415;1,650297619;2,781299525;47,09563994;0,317862166;0,776371308;3,112517581;1
Egypt;95;7,2;0,696;2;1,065368567;;2,387596899;2,358299595;2,3;0,99864682;3,921409214;3,8815427;3,898491084;0,998637602;1;0,151624549;9,261904762;3,232142857;2,199195171;2,247739602;44,92963464;0,48173207;0,649526387;2,98511502;0,99458728
El Salvador;81;6,9;0,674;116;0,956399437;1,032998565;1,276176024;1,834067548;1,812772134;0,944055944;3,825633383;3,436641221;3,315068493;0,893939394;0,925764192;0,415282392;6,077868852;2,5625;1,610465116;2,763803681;47,49861496;0,343490305;0,483379501;3,159279778;0,995844875
Estonia;92;12,7;0,871;119;1,659400545;1,609970674;2,224919094;2,160060976;2,196992481;0,969655172;3,372262774;2,989409985;2,66318927;0,959004392;0,572433193;0,585616438;23,17177914;3,089147287;2,14057508;1,685612789;55,89333333;0,372;1,122666667;2,884;1
Eswatini;92;6,5;0,588;183;1,001512859;1,816901408;1,876325088;2,105621806;2,066895369;0,915680473;3,862236629;3,368159204;3,317567568;0,971760797;1;0,386363636;12,99082569;2,884057971;1,895008606;2,047101449;42,62094395;0,365781711;0,558035714;3,144542773;0,986725664
Ethiopia;82;2,7;0,463;60;1,083969466;2,557939914;2,07480315;2,106951872;2,203448276;0,980501393;3,951704545;3,859799714;3,809728183;0,974395448;1;0,177570093;4,324561404;3,110576923;2,025688073;1,866782007;35,71012483;0,420249653;0,281553398;3,07073509;0,998613037
Finland;;12,4;0,92;121;1,749391727;1,687041565;2,580200501;2,495652174;2,56043956;0,99756691;3,798041616;3,281173594;3,148102815;0,99017199;0,827838828;0,623548922;15,15555556;3,26984127;2,267726161;1,57;61,10340633;0,452554745;0,987804878;3,183698297;0,99756691
France;;11,5;0,901;13;1,81972265;1,411111111;2,460443038;2,403755869;2,42194745;0,981481481;3,23659306;2,843601896;2,322222222;0,954323002;0,7728;0,556792873;19,00403226;3,117647059;2,156346749;1,831746032;54,20647149;0,432973806;1,319938176;3,164869029;0,99229584
Gabon;69;8,2;0,702;122;1,389570552;0,870646766;1,360205832;1,784893268;1,786858974;0,974588939;3,700920245;3,24256651;2,756329114;0,979876161;0,978090767;0,544090056;14,42960289;2,496688742;1,542288557;2,519503546;38,50523169;0,455904335;0,730232558;3,272047833;0,994020927
Gambia;94;3,5;0,46;186;0,690225564;2,356495468;2,246575342;2,278582931;2,368167203;0,896067416;3,887096774;3,791803279;3,725040917;0,955555556;1;0,259927798;0,034722222;3,479591837;2,275409836;1,540955631;39,79247911;0,36908078;0,302228412;3,206128134;0,995821727
Georgia;97;12,8;0,78;72;1,421957672;1,16194332;1,877165354;1,871301775;1,924746744;0,881422925;3,672782875;3,4;3,172143975;0,915470494;1;0,479591837;20,6350365;2,807228916;1,814264487;2,637931034;54,12467532;0,325974026;1,272727273;3,01038961;0,992207792
Germany;;14,1;0,936;14;1,817507418;1,478129713;2,429675425;2,341463415;2,488023952;0,96;3,540123457;3,403100775;2,948678072;0,967032967;0,724924012;0,659292035;22,22996516;3,030487805;2,130434783;1,752039152;56,54222222;0,471111111;1,28041543;3,223703704;0,998518519
Ghana;98;7,1;0,592;40;1,24838013;1,81663113;2,013986014;2,037647059;2,025700935;0,79787234;3,811827957;3,639566396;3,567204301;0,933518006;0,997876858;0,37913486;4,644295302;3,130718954;2,058685446;1,827664399;38,07112971;0,491631799;0,723628692;3,006276151;0,983263598
Greece;;10,8;0,87;24;1,13740458;0,625194401;2,0984375;2;2,095934959;0,980182927;3,728971963;3,398734177;3,282747604;0,988976378;0,986217458;0,843687375;35,65217391;2,840182648;1,865546218;1,632653061;57,74658574;0,417298938;0,82674772;3,13353566;0,990895296
Guatemala;88;6,5;0,65;124;0,99690881;1,179604262;1,45409015;1,843137255;1,843393148;0,880706922;3,855462185;3,519930676;3,512110727;0,865646259;0,957480315;0,483535529;3,378277154;2,445054945;1,676375405;2,449399657;40,53235294;0,394117647;0,440652819;3,019117647;0,997058824
Guinea;91;2,6;0,459;125;1,14548495;1,731164384;2,054151625;2,195167286;2,280405405;0,87037037;3,725454545;3,623161765;3,311111111;0,922800718;0,990811639;0,252115059;3,510344828;3,243478261;2,050632911;2,164750958;43,07819549;0,515789474;0,442040185;3,290225564;0,998496241
Haiti;76;5,3;0,498;128;1,137809187;1,330960854;1,717054264;1,928301887;1,897058824;0,836805556;3,912863071;3,599156118;3,283898305;0,966666667;0,979238754;0,345528455;7,425;2,88;1,863117871;2,647302905;41,97619048;0,469387755;0,542955326;3,173469388;1
Honduras;93;6,5;0,617;129;0,955587393;1,263610315;1,528391167;1,925644917;1,84592145;0,931849791;3,916167665;3,638591118;3,610942249;0,804043546;0,950073421;0,451298701;2,948717949;2,666666667;1,740061162;2,618524333;43,08321775;0,39667129;0,406944444;3,074895978;0,995839112
Hungary;99;11,9;0,838;20;1,627756161;1,510176391;2,219008264;2,072108844;2,245614035;0,971502591;3,820855615;3,580514208;3,470189702;0,994459834;0,859481583;0,296226415;38,11688312;3,041284404;2,024590164;1,889060092;59,47876448;0,36036036;0,974160207;3,072072072;0,992277992
Iceland;;12,4;0,935;130;1,614814815;1,672413793;2,546365915;2,411764706;2,517676768;0,970588235;3,863636364;3,706329114;2,702564103;0,992268041;0,859693878;0,521035599;12,3;3,318181818;2,335839599;1,464935065;54,46323529;0,473039216;1,173267327;3,117647059;1
India;98;6,4;0,64;31;1,125551741;2,132290185;2,277777778;2,099418297;2,069230769;0,923004695;3,855612245;3,824806202;3,821171634;0,924858466;1;0,180695847;12,20979021;3,122222222;2,04921466;1,91277081;42,44135373;0,538247566;0,360891779;2,996754752;0,99119147
Indonesia;89;8,0;0,694;10;1,149377593;1,970170455;1,792109256;1,848765432;1,982326951;0,715789474;3,710037175;3,127659574;3,493383743;0,912639405;1;0,209677419;1,337662338;2,784482759;1,819466248;1,927672956;42,58279846;0,401797176;0,678663239;3,216944801;0,998716303
Iran;99;9,8;0,798;26;1,568288854;1,890202703;2,499115044;2,464627151;2,378119002;0,979969183;3,837539432;3,541864139;3,259380098;0,996774194;1;0,2247557;18,61654135;3,27480916;2,199612403;2,012612613;46,13824885;0,465437788;0,970814132;3,204301075;0,967741935
Iraq;95;6,8;0,685;131;1,389221557;0,891783567;1,904051173;2,203389831;2,15720524;0,920477137;3,859611231;3,648471616;3,636956522;0,919739696;1;0,520518359;7,071129707;2,904347826;1,953389831;2,182819383;41,50992063;0,492063492;0,55952381;3,117063492;1
Ireland;0;12,5;0,938;132;1,660030628;1,768273717;2,509404389;2,574074074;2,519319938;0,961479199;3,682182986;3,549273021;3,21197411;0,954323002;0,889751553;0,660482375;13,31339031;3,436507937;2,377708978;1,672;50,46024465;0,43883792;1,279320988;3,039755352;0,993883792
Israel;;13,0;0,903;38;1,459214502;1,783987915;2,235114504;2,174242424;2,231950845;0,992492492;3,686900958;3,418269231;3,202614379;0,970724191;0,968181818;0,767479675;10,54304636;3,231481481;2,193353474;1,749576988;47,89189189;0,501501502;1,362406015;3,214714715;1
Italy;;10,2;0,88;18;1,489489489;1,208459215;2,363086233;2,271903323;2,378012048;0,993993994;3,445966514;3,347031963;3,048632219;0,976671851;0,895295903;0,660211268;12,72086721;2,993975904;2,064564565;1,61633282;56,92192192;0,42042042;0,963855422;3,279279279;1
Ivory Coast;98;5,2;0,492;134;1,378228782;1,353182752;1,443127962;1,744131455;1,794354839;0,933682373;3,746716698;3,505681818;3,239382239;0,904854369;0,96797153;0,334782609;2,710526316;2,488188976;1,645083933;2,299043062;39,52595156;0,628027682;0,486062718;3,235294118;0,996539792
Japan;99;12,8;0,909;29;1,242937853;1,436746988;2,1301059;2,047765794;2,111607143;0,951909477;2,868975904;2,703363914;2,354103343;0,923197492;0,345221113;0,24852071;15,175;3,03654485;2,044576523;2,116504854;60,00985915;0,487323944;1,175637394;3,005633803;1
Jordan;94;10,4;0,735;6;1,508547009;1,733846154;1,949903661;2,140822785;2,25;0,982954545;3,861070912;3,69984917;3,66367713;0,997101449;1;0,442278861;5,698630137;2,981818182;1,912972085;2,414012739;45,47801418;0,422695035;0,892045455;3,021276596;0,997163121
Kazakhstan;95;11,8;0,8;73;1,492207792;1,971506106;2,125560538;2,156748911;2,17251462;0,9625323;3,374655647;2,96328928;2,722058824;0,969740634;0,978205128;0,262857143;33,20769231;3,101398601;2,085714286;1,774086379;44,98356511;0,356510746;1,288607595;3,072060683;0,992414665
Kenya;82;6,5;0,59;36;1,555377207;1,766233766;1,82885906;1,882556131;1,940972222;0,912420382;3,870855148;3,585237258;3,624561404;0,973637961;0,998394864;0,482529118;5,146341463;2,892215569;1,847750865;1,879396985;36,96815287;0,423566879;0,701277955;2,972929936;0,992038217
Kosovo;;;;198;1,19047619;1,111111111;1,710391823;2,125611746;2,060358891;0,919939577;3,843492586;3,341337907;3,164644714;0,92192691;1;0,423853211;14,60267857;2,820359281;1,844408428;2,583497053;50,33936652;0,404223228;0,553544495;3,063348416;0,998491704
Kuwait;;7,3;0,803;137;1,515923567;;2,375;2,338797814;2,299618321;0,884858044;3,785330948;3,653211009;3,655677656;0,980322004;1;;;3,33974359;2,197339246;1,827338129;42,29310345;0,76645768;1,311708861;2,913793103;1
Kyrgyzstan;97;10,9;0,672;74;1,492443325;1,727748691;1,969432314;2,064171123;2,25498008;0,875784191;3,668613139;3,388973966;3,339969372;0,925705795;0,998762376;0,349529781;22,1588785;2,947565543;1,939106901;2,174311927;46,40617284;0,281481481;1,108641975;2,97037037;1
Laos;79;5,2;0,601;53;0,891768293;;2,007017544;2,080234834;2,037037037;0,592592593;3,848130841;3,742092457;3,708530806;0,918224299;1;0,25044405;10,54135338;3,10989011;2,100580271;1,609841828;42,9231738;0,438287154;0,475409836;3,122166247;1
Latvia;95;12,8;0,847;138;1,297368421;1,165467626;2,103789127;2,01875;2,063348416;0,980569948;3,266576455;2,68443804;2,530259366;0,973109244;0,747326203;0,545691906;36,50531915;3,013745704;2,010221465;1,68;55,94608472;0,297817715;1,093830334;2,897304236;0,825417202
Lebanon;;8,7;0,757;4;1,626245847;1,040677966;1,907775769;2,201022147;2,214659686;0,995024876;3,889816361;3,63697479;3,593277311;0,988235294;0,995008319;0,532846715;14,77580071;3,092307692;1,993067591;2,290265487;49,46102819;0,487562189;0,834162521;3,086235489;1
Liberia;92;4,7;0,435;140;1,03314121;1,897727273;1,846526656;2,15625;2,205564142;0,950481431;3,911465893;2,963181149;3,816860465;0,964809384;1;0,357963875;2,158878505;3,114427861;2,031595577;1,76124031;36,54246575;0,416438356;0,445054945;3,204109589;0,993150685
Libya;99;7,3;0,706;141;1,481171548;1,096296296;2,065989848;2,426470588;2,42278481;0,925;3,654545455;3,438095238;3,43387471;0,943693694;1;0,585812357;2,378486056;3,194690265;2,102756892;2,208920188;40,48125;0,577083333;1,440501044;3,122916667;1
Lithuania;96;13,0;0,858;143;1,520393812;1,287988423;2,258594918;2,220472441;2,198830409;0,890532544;3,298586572;3,091074681;2,912149533;0,954545455;0,953991881;0,295315682;30,3;3,073800738;2,042056075;1,987654321;56,80529801;0,345695364;1,198611111;3,115231788;0,985430464
Luxembourg;;12,1;0,904;144;1,904181185;2,057245081;2,229779412;2,36443662;2,466783217;0,977469671;3,473404255;3,252669039;2,883512545;0,965454545;0,806737589;0,700729927;19,29347826;3,1171875;2,133333333;1,81981982;52,13691508;0,49220104;1,426343154;2,954939341;0,994800693
Macedonia;;;;145;1,391534392;1,301369863;1,649847095;1,840310078;1,893118594;0,957309185;3,570644719;3,178002894;2,955686854;0,973901099;0,998721228;0,601785714;22,08562691;2,555023923;1,704892966;2,475490196;57,90792839;0,374680307;0,869398207;3,331202046;1
Madagascar;91;6,1;0,519;43;0,88;1,257918552;1,539898132;1,748333333;1,740797546;0,848133848;3,76443769;3,637071651;3,500777605;0,933846154;0,914698163;0,2765625;1,234285714;2,731707317;1,714991763;2,5453125;39,79177378;0,429305913;0,334193548;3,195372751;0,998714653
Malawi;92;4,5;0,477;44;0,743055556;1,83427762;1,901345291;1,935045317;1,986046512;0,908244681;3,93255132;3,843888071;3,840536513;0,985272459;0,998664887;0,237885463;3,075;3,112195122;1,94047619;1,994194485;38,99601594;0,285524568;0,345844504;3,103585657;0,993359894
Malaysia;;10,2;0,802;146;1,376221498;2,1664;1,953346856;1,90945674;1,919694073;0,727580372;3,680851064;3,491646778;3,623501199;0,983529412;1;0,26394052;6,936170213;3,067484663;1,977777778;1,715231788;49,03343023;0,426917511;0,908296943;2,916063676;0,995658466
Mali;77;2,3;0,427;61;1,03343465;1,717741935;2,022491349;2,171374765;2,177705977;0,843478261;3,806956522;3,682226212;3,254302103;0,925605536;0,99856528;0,169014085;9,703296703;3,211538462;2,030360531;2,030612245;41,29461756;0,54674221;0,29512894;3,134560907;1
Malta;;11,3;0,878;148;1,40625;2,077862595;2,303411131;2,25931677;2,30495356;0,923295455;3,756923077;3,390015601;3,3281493;0,950387597;0,975817923;0,746794872;24,02838428;3,433526012;2,300911854;1,846038864;54,59517045;0,438920455;1,066951567;2,991477273;0,998579545
Mauritania;98;4,5;0,52;62;1,306569343;1,173306773;1,480278422;1,61575179;1,752783964;0,931034483;3,816532258;3,710300429;3,424568966;0,932926829;1;0,258953168;3,288888889;2,413793103;1,514360313;2,505586592;39,96219931;0,530927835;0,586145648;;0,982817869
Mauritius;99;9,3;0,79;150;1,511343805;1,56360424;1,70754717;2,036297641;2,062176166;0,972972973;3,814685315;3,437389771;3,086175943;0,897391304;0,991482112;0,211132438;10,40952381;2,95480226;1,882882883;1,86259542;50,14671164;0,435075885;0,826013514;3,320404722;1
Mexico;96;8,6;0,774;34;1,03869969;1,051886792;1,836569579;1,962783172;1,915702479;0,933333333;3,868770764;3,599326599;3,574324324;0,974916388;0,960191083;0,416523236;8,94893617;2,868421053;1,817749604;2,278632479;44,47604328;0,335394127;0,795981453;2,978361669;0,998454405
Moldova;96;11,6;0,7;75;1,606622517;0,867746289;1,662222222;1,739069111;1,734922861;0,95844504;3,031884058;2,73089172;2,631160572;0,919354839;0,994750656;0,542622951;32,89783282;2,613953488;1,596237337;2,567474048;51,70811518;0,421465969;0,984293194;2,97513089;0,993455497
Mongolia;99;10,1;0,741;153;1,148288973;1,382157124;1,982733813;2,136111111;2,113180516;0,945745993;3,627659574;3,480484522;3,245833333;0,980289093;0,748458693;0,307251908;4,993548387;3,020942408;1,946348733;2,848200313;45,98769988;0,383763838;1,013530135;3,0799508;1
Montenegro;;11,3;0,814;154;1,589655172;1,314779271;1,521384929;1,668639053;1,762645914;0,972508591;3,159709619;2,880907372;2,665391969;0,965641953;0,994773519;0,477218225;36,72486772;2,580645161;1,560878244;2,814004376;50,76320273;0,427597956;1,008576329;3,069846678;0,991482112
Morocco;99;5,5;0,667;3;0,83958021;1,311023622;1,951983299;2,158836689;2,194384449;0,983965015;3,874242424;3,642086331;3,704028021;0,986666667;1;0,381395349;1,286624204;3,085365854;2,057017544;2,483412322;44,68313953;0,293604651;0,266375546;2,989825581;1
Mozambique;95;3,5;0,437;63;1,176900585;2,352609309;1,940032415;2,058319039;2,182741117;0,932705249;3,868115942;3,501623377;3,719350074;0,951683748;0,97648686;0,328220859;6,747619048;3,281938326;2,145;1,94184168;37,64966443;0,570469799;0,37972973;3,13557047;0,993288591
Myanmar;90;4,9;0,578;54;0,810966811;2,544303797;2,329073482;2,50619195;2,421383648;0,9765625;3,857908847;3,772169168;3,719562244;0,917678812;1;0,14479638;5,258064516;3,449838188;2,339233038;1,74554295;46,76072822;0,503250975;0,252275683;3,11443433;0,99479844
N. Cyprus;;;;202;1,889067524;1,487725041;2,067453626;2,546052632;2,557003257;1;3,9392;3,6672;3,583870968;1;0,924914676;0,1875;23,52688172;3,097222222;1,996497373;1,841322314;48,5872;0,576;1,176;3,0256;0,992
Namibia;94;6,8;0,647;155;1,395563771;1,701851852;1,682572614;1,763419483;1,785140562;0,73556797;3,750636132;3,346153846;3,469387755;0,951156812;1;0,385395538;5,89893617;2,673076923;1,717171717;2,313929314;35,89087657;0,384615385;0,969147005;3,416815742;0,982110912
Nehterlands;;12,2;0,931;15;1,642335766;1,615384615;2,282991202;2,158430233;2,333817126;0,86627907;3,595278246;3,018644068;2,827118644;0,97470489;0,621345029;0,522058824;3,859223301;3,006802721;2,074127907;2,010279001;60,76487663;0,499274311;1,300729927;3,068214804;0,998548621
Nepal;96;4,9;0,574;157;1,07922272;1,948837209;2,094339623;2,216949153;2,289568345;0,867688022;3,881219904;3,495867769;3,647154472;0,959742351;1;0,117737003;2,857142857;3,043956044;2,061151079;1,871589085;41,84281843;0,463414634;0,378561737;3,172086721;0,998644986
Nicaragua;99;6,7;0,658;158;1,174690509;1,166666667;1,435312024;1,817790531;1,812411848;0,951020408;3,919885551;3,689404935;3,731601732;0,976911977;0,95567867;0,367601246;3,083700441;2,62295082;1,690828402;2,446676971;40,69918699;0,387533875;0,747625509;3,082655827;0,995934959
Nigeria;75;2,0;0,532;35;1,137044968;1,379310345;1,945754717;2,067873303;2,036613272;0,910447761;3,870588235;3,345238095;3,703087886;0,950471698;1;0,272511848;11,17699115;2,968992248;2;1,684563758;38,06131078;0,536997886;0,792811839;2,945031712;0,993657505
Niger;87;6,2;0,354;64;0,891840607;2,238239757;2,272881356;2,273666093;2,288161994;0,776298269;3,725352113;3,703374778;3,597806216;0,701388889;1;0,136842105;0,04109589;3,511784512;2,342577488;1,895791583;40,92727273;0,551948052;0,088797814;;0,998701299
Norway;;12,6;0,953;160;1,986807388;2,492455418;2,499300699;2,341789052;2,578666667;0,877470356;3,861861862;3,612612613;3,353383459;0,989096573;0,830463576;0,282679739;2,856287425;3,287234043;2,359893758;1,661764706;60,25789474;0,485526316;1,413746631;3,242105263;0,981578947
NZ;;12,5;0,917;55;1,655969191;1,913612565;2,391796322;2,391979301;2,417425228;0,978205128;3,601583113;3,387399464;3,102702703;0,955645161;0,644736842;0,478841871;8,098522167;3,262626263;2,281653747;1,846666667;65,1596424;0,413793103;1,152759949;3,103448276;0,996168582
Pakistan;86;5,2;0,562;9;0,880199667;1,532019704;1,897163121;1,826548673;1,740674956;0,780715397;3,711065574;3,524109015;3,569037657;0,941883768;1;0,158671587;0,011764706;2,81865285;1,833333333;2,029250457;38,44175492;0,459909228;0,359090909;3,054462935;1
Palestine;;9,1;0,686;39;1,493506494;1,472854641;1,946428571;2,202464789;2,192708333;0,985623003;3,965964344;3,783828383;3,772131148;0,991896272;1;0,443280977;4,28968254;3;1,968978102;2,222222222;42,35623003;0,31629393;1,014376997;3,170926518;1
Panama;99;10,2;0,789;163;1,212538226;0,970496894;1,510779436;1,8125;1,8640625;0,925531915;3,766447368;3,496610169;3,514333895;0,951505017;0,965023847;0,363321799;7,22815534;2,608910891;1,700156986;2,570671378;48,38543247;0,433990895;0,849544073;3,077389985;0,996965099
Paraguay;52;8,4;0,702;164;1,045698925;1,502063274;1,528548124;1,81629393;1,868670886;0,895640687;3,836041359;3,348942598;3,372907154;0,965620329;0,984210526;0,420677362;9,726457399;2,692307692;1,700626959;2,951035782;48,74771242;0,345098039;0,569371728;3,009150327;0,99869281
Peru;81;9,2;0,75;165;1,272058824;0,95045045;1,463607595;1,687898089;1,683624801;0,931686047;3,618897638;3;2,986949429;0,955905512;0,997028232;0,582802548;4,781767956;2,289772727;1,602825746;2,779771615;45,95953757;0,341040462;0,903039074;3,14017341;1
Philippines;61;9,3;0,699;48;1,409722222;2,031767956;1,964336662;2,149359886;2,120171674;0,943526171;3,611764706;3,345642541;3,189552239;0,931851852;0,998628258;0,374120956;8,921052632;3,244541485;2,143669986;1,842485549;45,14403292;0,362139918;0,828532236;2,998628258;0,986282579
Poland;92;12,3;0,865;19;1,719083969;1,601538462;2,187004754;2,148606811;2,212832551;0,897081413;3,651202749;3,550522648;3,447787611;0,963222417;0,99689441;0,511278195;34,35384615;3,123015873;2,116640747;1,768695652;50,29742033;0,443095599;1,101978691;3,047040971;0,995447648
Portugal;21;9,2;0,847;166;1,538950715;1,327948304;2,404958678;2,460162602;2,456451613;0,988888889;3,86035313;3,180272109;3,413570275;0,942528736;0,852988691;0,565922921;11,33712121;3,328767123;2,288709677;2,044925125;50,79047619;0,420634921;1,13015873;3,250793651;0,996825397
Romania;96;11,0;0,811;22;1,502702703;0,894664843;2,221732746;2,220143885;2,263456091;0,959893048;3,727785614;3,480122324;3,199095023;0,944602273;1;0,445337621;20,63059701;3,243801653;2,085137085;2,415841584;57,60263158;0,364473684;0,899603699;3,043421053;0,997368421
Russia;95;12,0;0,816;76;1,505391804;1,686544343;2,157097289;2,103225806;2,147224457;0,933093525;3,340493238;2,896290051;2,4406639;0,961445783;0,969673995;0,509433962;22,2361809;3,012711864;2;1,920105356;53,61752137;0,303418803;1,244476123;2,925925926;0,988603989
Rwanda;97;4,1;0,524;65;0,536862004;2,822416303;2,037422037;2,036885246;2,007952286;0,869565217;3,953333333;3,892976589;3,835051546;0,998327759;0,997105644;0,232793522;2,649122807;3,297435897;2,136546185;1,640384615;41,6167147;0,354466859;0,149855908;2,997118156;0,997118156
Saudi;98;9,5;0,853;5;1,662650602;;2,514666667;2,271505376;2,38;0,966346154;3,805970149;3,571788413;3,568578554;0,970074813;1;;;3,466666667;2,276536313;1,541147132;37,99519231;0,632211538;1,454326923;3,033653846;1
Senegal;83;3,0;0,505;66;1,099457505;1,657848325;1,938579655;1,847826087;1,981096408;0,898972603;3,831417625;3,421471173;3,201195219;0,932;0,998322148;0,233890215;3,06185567;2,977142857;1,885010267;2,004444444;39,81939799;0,526755853;0,380872483;3,190635452;0,986622074
Serbia;98;11,1;0,787;173;1,48;1,553223388;2,0515625;1,893312102;2,027993779;0,977973568;3,59118541;3,326086957;3,14599686;0,986111111;0,991044776;0,534836066;28,68897638;2,893617021;1,855784469;2,128158845;56,18567251;0,410818713;0,982430454;3,135964912;0,99122807
Sierra Leone;95;3,5;0,419;80;0,662992126;2,016058394;1,840206186;1,89279732;1,774140753;0,921787709;3,910060976;3,747678019;3,740797546;0,96941896;1;0,29005059;5,267857143;2,934782609;1,87244898;1,896610169;37,16551724;0,466206897;0,395027624;3,24;0,993103448
Singapore;98;11,5;0,932;28;1,565905097;1,98540146;1,778672032;2,071153846;2,078244275;0,892531876;3,390946502;3,172839506;3,211618257;0,974842767;0,978798587;0,314159292;17,86131387;2,95480226;1,995901639;1,723991507;49,71853147;0,487762238;1,195804196;2,935314685;0,98951049
Slovakia;;12,5;0,855;175;1,327731092;1,39888424;2,057057057;2;1,985380117;0,917251052;3,628482972;3,576985413;3,369354839;0,971875;0,949567723;0,498214286;38,61904762;2,991735537;1,980938416;2,218905473;56,01523546;0,372576177;0,975034674;2,988919668;0,986149584
Slovenia;;12,2;0,896;176;1,736842105;1,082716049;2,340768278;2,162962963;2,325552826;0,903186275;3,52173913;3,208446866;2,965846995;0,969945355;0,745657568;0,382504288;7,103286385;3,052083333;1,991421569;2,038413879;57,48837209;0,462668299;0,981595092;3,100367197;1
South Africa;70;10,1;0,699;45;1,004807692;1,399673736;1,675136116;1,748120301;1,814258912;0,475357711;3,701342282;3,344947735;3,4604811;0,900684932;0,998366013;0,34150613;8,802083333;2,806629834;1,788104089;2,369485294;39,47730829;0,394366197;0,876190476;3,06885759;0,993740219
South Korea;98;12,1;0,903;68;1,408695652;1,626843658;2,02118003;2,167664671;2,186011905;0,885925926;3,138543517;2,989208633;2,700743494;0,963320463;0,574127907;0,673846154;47,59241706;3;1,890881913;1,865912763;59,17774566;0,557803468;1,185238784;2,799132948;0,85982659
Spain;;9,8;0,891;17;1,760904685;1,02306425;2,671521036;2,635179153;2,632183908;0,991961415;3,637987013;3,445350734;3,438110749;0,981937603;0,805194805;0,683544304;16,759375;3,491803279;2,378640777;1,632183908;52,04180064;0,47266881;0,99516129;3,168810289;1
Sri Lanka;99;10,9;0,77;49;1,45443038;1,58490566;2,187406297;2,319268636;2,268326418;0,903990025;3,79944675;3,527859238;3,407042254;0,948753463;1;0,217451524;4,743243243;3,019047619;2,047619048;2,552117264;50,3980344;0,402948403;0,621156212;3,116707617;0,998771499
Sweden;26;12,4;0,933;23;1,848920863;1,767883212;2,435036496;2,444954128;2,442028986;0,984240688;3,739002933;3,386329866;3,00739645;0,974963181;0,66180758;0,232346241;12,36734694;3,124223602;2,186861314;1,849056604;60,40974212;0,459885387;1,481213873;3,12034384;0,992836676
Switzerland;;13,4;0,944;184;1,832822086;2,13446677;2,413416537;2,259083728;2,341384863;0,967840735;3,259141494;3,059390048;2,563812601;0,948136143;0,832298137;0,571129707;22,39694656;3,021126761;2,160186625;1,658615137;56,86717557;0,46870229;1,413846154;3,120610687;0,996946565
Taiwan;;;;69;1,297297297;1,2;1,879310345;1,988679245;2,030612245;0,990049751;3,361486486;2,945299145;2,570446735;0,910169492;0,71641791;0,176904177;19,67605634;2,875647668;1,838041431;2,10805501;54,01652893;0,396694215;1,198347107;3,094214876;1
Tajikistan;99;10,4;0,65;185;1,593625498;;2,507122507;2,454022989;2,660614525;0,952443857;3,898328691;3,860169492;3,796033994;0,893217893;1;0,027739251;16,66666667;3,649180328;2,392241379;1,517973856;43,41644909;0,364229765;1,016971279;3,091383812;0,998694517
Tanzania;99;5,8;0,538;37;0,964529332;2,534170153;2,306358382;2,36661699;2,379044684;0,935656836;3,928263989;3,726346434;3,830924855;0,97826087;0,991967871;0,225352113;7,375;3,37751004;2,303892216;1,801161103;41,562249;0,397590361;0,248995984;3,15394913;0,995983936
Thailand;99;7,6;0,755;51;0,761971831;2,038997214;2,030794165;2,0384;1,992113565;0,804377565;3,866438356;3,724137931;3,733676976;0,971039182;1;0,276292335;38,45070423;2,975806452;1,993067591;1,94765343;52,914361;0,386034256;0,30474934;2,740447958;1
Togo;83;4,8;0,503;187;1,19279661;0,825242718;1,264094955;1,436532508;1,513647643;0,906183369;3,698067633;3,126262626;2,534759358;0,947242206;0,9625;0,364864865;8,257575758;2,153846154;1,349152542;2,40625;38,75102041;0,567346939;0,683778234;3,3;0,993877551
Tunisia;92;7,2;0,735;190;1,283360791;1,34057971;2,099190283;2,097029703;2,13111546;0,899339934;3,685185185;3,417938931;3,391554702;0,979477612;1;0,465696466;17,52995392;3,024691358;1,977642276;2,215568862;49,78861789;0,43902439;0,670473083;3,032520325;0,988617886
Turkey;96;8,0;0,791;8;1,434042553;1,611235955;2,055427252;2,125307125;2,303178484;0,928421053;3,744292237;3,472222222;3,354609929;0,972027972;0,984749455;0,3175;11,37398374;2,72972973;1,831730769;2,158150852;44,19832985;0,446764092;0,826722338;2,826722338;0,995824635
Turkmenistan;99;9,8;0,706;191;1,848142165;;2,113274336;2,098275862;2,123924269;0,932318105;3,722735675;3,676748582;3,689393939;0,994505495;1;0,035874439;56,83333333;3,061349693;2,100519931;1,518828452;44,83572568;0,41307815;1,136;3,149920255;0,995215311
UAE;95;10,8;0,863;193;1,813278008;;2,149681529;2,321513002;2,375886525;0,8125;3,778920308;3,526595745;3,515544041;0,981958763;1;0,35952381;10,88356164;3,436619718;2,295392954;1,659367397;40,27385892;0,695020747;1,645093946;3,049792531;1
Uganda;96;6,1;0,516;41;1,41506647;1,751515152;1,915151515;1,950995406;2,02143951;0,867791842;3,85203252;3,410509031;3,504950495;0,973898858;1;0,437106918;7,281021898;3,079787234;1,926791277;1,950844854;36,11281337;0,409470752;0,559274756;3,132311978;0,995821727
UK;;12,9;0,922;12;1,807971014;1,432234432;2,418215613;2,537477148;2,524770642;0,972677596;3,651600753;3,516129032;3,150190114;0,959692898;0,706642066;0,494413408;14,79545455;3,20212766;2,31809872;1,642857143;52,35688406;0,47826087;1,378870674;3,052536232;0,992753623
Ukraine;90;11,3;0,751;77;1,722151088;0,583333333;2,090361446;2,074858757;2,093617021;0,978064516;3,372789116;2,769774011;2,299132948;0,971034483;0,955901427;0,518292683;26,98312236;2,981308411;1,932394366;1,813114754;52,72166247;0,318639798;1,313997478;2,987405542;0,98488665
Uruguay;98;8,7;0,804;194;1,124675325;1,23878628;2,099540582;2,168316832;2,18041958;0,968992248;3,767379679;3,282401091;3,264305177;0,967611336;0,777173913;0,453974895;14,27142857;2,911330049;2,024566474;2,334328358;53,02967742;0,35483871;0,742894057;3,277419355;0,997419355
USA;;13,4;0,924;1;2,039944904;1,474431818;2,344332855;2,404624277;2,466666667;0,976616231;3,600282486;3,406827881;3,080114449;0,967048711;0,908689249;0,606164384;6,504322767;3,120218579;2,141414141;1,699857752;59,13049451;0,495879121;1,465373961;3,333791209;0,997252747
Uzbekistan;96;11,5;0,71;195;1,511979823;2,884711779;2,632760898;2,611764706;2,709021601;0,925598991;3,927297668;3,846896552;3,74479889;0,9527121;0,998740554;0,60620155;17,78645833;3,65034965;2,521220159;1,525179856;44,89900249;0,317955112;1,028678304;3,091022444;1
Venezuela;92;10,3;0,761;32;1,14552737;1,096205962;1,673611111;2,061884669;2,001396648;0,930574099;3,932568149;3,786127168;3,731104651;0,973988439;0,961702128;0,382945736;6,506122449;2,851282051;1,847856155;2,344927536;45,60319574;0,336884154;0,846870839;;0,998668442
Vietnam;95;8,2;0,694;50;0,751152074;;1,738181818;1,800865801;1,792016807;0,5203125;3,657575758;3,422680412;3,083067093;0,941896024;0,490284006;0,093617021;35,77272727;2,843575419;1,786995516;2,026266417;44,9461326;0,494475138;0,679166667;2,96961326;0,995856354
Yemen;64;3,0;0,452;197;1,005830904;1,189681335;1,721153846;1,944444444;1,998275862;0,995821727;3,748579545;3,559815951;3,607142857;0,980364656;1;0,159474672;5,880952381;2,93258427;1,940647482;1,978609626;38,79305556;0,491666667;0,485396384;3,1;0,997222222
Zambia;91;7,0;0,588;67;1,296360485;1,851851852;1,784708249;1,763313609;1,84086444;0,835034014;3,797959184;3,402953586;3,36875;0,973251029;0,996592845;0,511627907;5,229007634;2,917241379;1,820866142;1,988394584;36,43147208;0,426395939;0,739795918;3,160744501;0,99323181
Zimbabwe;95;8,1;0,535;81;1,187239945;1,726752504;1,946202532;1,931677019;2;0,908587258;3,856707317;3,732006126;3,573643411;0,964285714;0,991643454;0,266968326;23,23295455;3,032786885;1,915902141;1,775263952;41,14305177;0,348773842;0,753424658;3,166212534;0,978201635
;;;;;;;;;;;;;;;;;;;;;;;;;
;;;;;;;;;;;;;;;;;;;;;;;;;
;;;;;;;;;;;;;;;;;;;;;;;;;
;;;;;;;;;;;;;;;;;;;;;;;;;
;;;;;;;;;;;;;;;;;;;;;;;;;
;;;;;;;;;;;;;;;;;;;;;;;;;
;;;;;;;;;;;;;;;;;;;;;;;;;
